{
  "inputLength": 25,
  "layerShapes": [
    [16, 25],
    [8, 16],
    [4, 8]
  ],
  "hiddenLayerActivationFunction": "LINEAR",
  "weights": [
    [
      [
        -0.6902209644156929, 0.5249267233521038, 0.23062873764933983, -0.017654047858126326, -1, 1, -0.75918148205027, 0.7103848360430454, 0.7913785009913357, 0.4958701542597042, -0.19472096272422873,
        0.8791600616371423, -1, -0.9741414964244345, -0.5807312456058995, 0.3072794096587325, 0.10805587974118705, -0.45646905971179486, 0.24878028924617154, 0.902305494962967, -0.5573164837303882,
        0.8221181420192233, -0.5772579598423337, -0.5845358652973109, -1
      ],
      [
        0.724455178715798, 0.17912848703890308, 0.12698032937248066, -0.5180580820389107, -0.41719777652087586, 0.3321656976417988, 0.8144170885136199, -0.4989792935004353, -0.14564387315764427,
        -0.04354426712717596, 0.07090313371132351, 1, -0.22333859735595782, 0.8855133028669033, -1, -0.022839159838383943, -0.7750582797436136, 0.39705993069267775, -0.5572666223286317,
        0.34140337355369826, 0.5567667286853375, -0.9785390749138154, 1, 0.5706856958848765, -0.12066639674798557
      ],
      [
        -0.9368325352158096, -0.8218664964589907, -0.5533681674868061, 0.5095610402856519, -0.5508488956839438, 0.2892186694405757, -0.10676961737069599, 0.5357770068026029, -0.9776442367381721,
        0.36832055525374974, -0.16788301612478285, -0.033154055996060194, 0.22222948950783708, -0.9026976884570861, 0.5659083823013269, -0.3324934880420403, -0.5101180903610885, 0.05769407470249907,
        0.20831712457129822, 0.07415799822440017, 0.3743930509083248, -0.31526103013261547, -0.6653952280117885, 1, 0.8996915012923461
      ],
      [
        0.25115076195910346, 1, -0.6034329786811659, -0.24505866187647254, 0.20137916256715668, 0.5202586707261492, 0.8440689577889449, -0.09386218330364265, -1, -0.7385185644352155, 1,
        0.7284486024856844, -1, -1, -0.17599828470721657, -0.5997128686517571, 0.8747334600952921, 0.5839690605309436, 0.19176701430122012, -0.8701492275597156, -1, -0.4413955793104554,
        0.08109162828398958, -0.5672801839061616, -0.6683503501338193
      ],
      [
        -0.13947780531123247, 0.2723864517850207, -0.22038688577343746, 0.8546706955138726, 0.28770368782334094, -0.27469823678925287, -0.9393230097605472, -0.8645557730112623, -0.09438222469698632,
        0.9799052141356952, 0.8605423808401595, -0.5796178025595968, -0.6330119630330276, -0.3340685010235981, 0.795870462598905, -0.9459274406082979, -0.3336895598758142, -0.4209749877275137, -1,
        -0.8295179651934323, -0.4280077195823245, -0.5485058137070383, 0.6861298372888844, 0.5489807939273332, -1
      ],
      [
        -0.9111098674335059, -0.6269330729015667, 0.15466775207064531, -0.48141715134758667, -0.3543853017719024, 0.04601502932594026, -0.28969252442333604, -0.5991908659908839, -0.14003686538486615,
        0.7426793579040479, -0.23020254902174137, -0.08828034175639271, 0.1801474154542692, 0.29035507544052996, -0.4968440306238173, -0.9601873390486921, 0.14374521396797268, 0.4451890290548545,
        0.18795611455874878, -0.7681218839377842, 0.2661574385299775, 0.38345287382574095, -0.8501950090600859, 0.7158733817508318, -1
      ],
      [
        0.27334849920442084, 0.5802194160691686, 0.6462139962335207, 0.7416306876734293, 0.5124882284224949, 0.6170418333486516, 1, -0.8039442864398112, -0.6993692408096617, 0.8248797499062045,
        0.25211634509376996, 0.12020291311162656, -0.7771411189585773, 0.5222901685145117, 0.18108343500941548, 1, -0.05344536414964739, 0.3009244435273719, -0.18706407212551687, 0.7474081996542853,
        0.626399303610733, -0.9806257082645057, 0.6847265144429374, -0.5212390218592731, 0.6177129635478938
      ],
      [
        0.26101953296415115, 0.7562826862602676, -0.8741176173326002, -0.5203695322578673, 0.09742545650250528, -0.8886858782595725, -0.2837670125099478, 0.8003643322165421, 0.3025422608261651,
        -0.3885962920664872, -0.5789465675475478, 0.9524210553647497, -0.0041622231269848875, -0.21032844900065037, 0.34308750397661036, 0.6900795771646551, -0.20668766740504743, 0.25347282912856306,
        -1, -0.7930830436019874, 0.31277866548466055, -0.4438890002675082, -0.27045340037254534, -0.284680092257375, 1
      ],
      [
        -0.8524189736061643, 0.4455861696215179, 0.5836169500692145, -1, -0.05490343921604199, -0.9877699763185419, 0.18509299007568425, -0.4245423861661831, 0.40838093295037237, -0.7439348928222015,
        0.09695911925259879, -0.6781351523070487, -0.9308038318744987, 0.5736673301334843, 0.8413188829933226, 0.6884545488504985, -0.6538460921629703, -0.9889526189671681, -0.3362751365795805,
        0.1534064155055332, 0.6407164552844007, -0.7402934129866804, 0.20354436351285507, 0.23484432828534776, -0.6211121326263715
      ],
      [
        0.30841855988169625, 0.06009926728143336, -0.3346550755655228, -1, 0.6084255466530097, -0.37567330279441086, -0.06597094203507911, 0.713651299150277, -0.23956002822016725, -0.8628918451696732,
        0.18601894153546472, -1, 1, -0.2586433673136568, -0.8249182620478284, 0.1515424940152468, -0.5982483091232251, -0.5926608517384453, -0.04138199414801136, 1, 0.7242054896492965,
        -0.10012120364925389, 0.38519599837740837, -0.17547265159958753, -0.5469174606447202
      ],
      [
        0.8105318006159026, 0.4152571944450034, 1, -0.43843326267788607, -0.9150247756149601, 0.25032079671623414, 0.277709235643518, 0.598984985928849, -0.74516078838904, -0.570554291543486,
        0.9840136686162325, 0.953255585610467, 0.10548536902941091, 0.38648923648901357, 1, 0.5836910298673058, -0.23471164770660968, 0.4211548390661396, 0.5390331336832836, -0.004098864473000272, -1,
        0.7869709051531915, -0.2097708907342326, -0.43333533587209727, 0.8871158655936837
      ],
      [
        0.8805618054180053, -0.1729400240047805, 0.3075257748276613, 0.617742875666273, -0.5890289760931979, 0.844577808965226, 0.2937458491240519, -0.006115623738299297, -0.22989733740803098,
        0.7540789878962162, -1, -1, -0.3140608441579308, -0.9399949027071036, 0.31286817773235887, 0.314827779474736, -0.8709752239136507, -0.3141648572145352, -0.6415727475344113,
        -0.31196095162797777, -0.4609507224369518, -0.43882213933320036, 0.14099727873169077, -1, 0.4641983652788854
      ],
      [
        -0.36964859672538153, 0.13365980358671098, 0.6531546601517864, 0.33238607217759014, 0.9470297610851102, -0.2278948191430737, -0.6011979508957009, 0.2863913998509093, 0.434318022126329,
        0.14524851520991292, 0.2705053412537634, 0.7148741226577673, 0.45491322598545886, -0.03980289225333758, 0.5957521846793027, 0.7787570742051173, 1, 0.06823398176934888, 0.3409928732985187,
        0.2524131656960502, -0.6911738392383635, -0.9783763738005226, 0.5023467083312854, 0.5102745131333198, 1
      ],
      [
        -0.15225368989353416, 0.2525404987801162, -0.7468741295710715, -1, -0.3176080355043176, -0.987303091736174, 0.28909615878284534, 0.34745649448876553, 0.3512124728363592, -0.9534941999009472,
        -0.6962215381077874, 1, 0.6478954467472292, -0.42360705774727775, -0.5880683168019943, 0.8802091138356727, 0.2380561698513752, -0.5609065619220617, -0.25262012346348356, 0.4594591131949897,
        -0.830476047440688, 0.24238989672192437, -0.16302030202655604, -0.8826113223708009, 0.8804229871503901
      ],
      [
        -0.6841830141862367, -0.70598234627961, 0.9709914431404367, -0.8021190040595048, 0.16531582592073849, 0.9498596536479356, 0.16965390396722604, -0.7892681922810599, 0.6138998283269913,
        -0.37692153772286024, -0.34168631400864863, -0.49601068902658196, 0.9154107957572947, -0.2108972500356642, 0.676320718916092, 0.27901645924235974, 0.37516345869543616, -0.860952731470076,
        -0.8172893772597314, -0.8575179596638753, -0.8243311804057933, 0.0683803297596488, 0.12329047565123188, 0.6477433033271494, 0.247029772792747
      ],
      [
